Телефон;email;Адрес
89587654224;francis.lubowitz@hansen.com;ул. Академика Харитонад.51 кв.437;23;29
89196386624;mikayla56@hotmail.com;М. Калужская ул.д.70 кв.93;5;11
89268627450;mittie.windler@durgan.com;Митинская ул.д.12 кв.477;6;12
89258755009;toni.reichel@reichel.com;Восточная ул.д.53 кв.362;5;11
89998576530;brigitte07@champlin.com;М. Набережная ул.д.87 кв.274;15;21
89809993759;amparo25@yahoo.com;4-я Курьяновская ул.д.65 кв.193;24;30
89856157357;elvie.schultz@yahoo.com;Малиновая ул.д.85 кв.383;8;14
89019492415;shanahan.lavina@kovacek.com;ул. Фадеевад.55 кв.299;20;26
89866451775;rodrigo.lehner@crist.com;ул. Миклухо-Маклаяд.44 кв.350;2;8
89866973762;alivia57@braun.org;25-й км МКАДд.16 кв.181;8;14
89656527517;altenwerth.jarrett@conn.org;Озёрная ул.д.6 кв.476;24;30
89107230478;isabell27@blanda.org;Краснокурсантская пл.д.4 кв.340;11;17
89267730163;gcorwin@yahoo.com;Лермонтовская пл.д.79 кв.51;17;23
89586490259;kip93@hotmail.com;Никопольская ул.д.15 кв.53;2;8
89016742552;alfonso.pouros@donnelly.com;Крестьянская ул.д.51 кв.345;16;22
89108098410;mason.hartmann@hotmail.com;ул. Энгельсад.28 кв.460;9;15
89178550175;vpaucek@yahoo.com;Ср. Международный пер.д.59 кв.89;12;18
89669655457;plakin@gmail.com;Александровская ул.д.70 кв.312;9;15
89997317949;hollie.corkery@kshlerin.com;Рочдельская ул.д.26 кв.175;20;26
89647190323;drogahn@hotmail.com;Заречная ул.д.96 кв.143;17;23
89016916611;hlueilwitz@balistreri.info;Солнечная ул.д.96 кв.480;8;14
89056867407;beier.israel@williamson.org;6-й Самоцветный пер.д.35 кв.385;3;9
89169082657;dupton@terry.com;Дачная ул.д.92 кв.158;9;15
89369701154;satterfield.kennedy@johnston.com;Республиканская ул.д.68 кв.383;9;15
89156328043;ystokes@hotmail.com;4-й Дунайский пер.д.98 кв.221;12;18
89038512407;jakayla.lang@yahoo.com;пр. Нансенад.46 кв.77;20;26
89368720463;melisa.cormier@donnelly.com;Автозаводская пл.д.49 кв.164;11;17
89258523151;oran.braun@gmail.com;Клубничная ул.д.54 кв.142;4;10
89589357375;amelie.hahn@effertz.com;ул. Аршиновад.37 кв.33;4;10
89589639257;lera94@kautzer.com;ул. Николаевад.42 кв.234;22;28
89039929970;vgislason@powlowski.com;Курьяновский бульв.д.45 кв.396;11;17
89869322029;alebsack@yahoo.com;Железнодорожный пр.д.4 кв.107;5;11
89157678904;green.chanel@smith.com;4-я линия Хорошёвского Серебряного Борад.4 кв.145;14;20
89649093999;yessenia.mcdermott@schmeler.biz;ул. Георгия Скребицкогод.44 кв.419;12;18
89658899836;beaulah.bayer@yahoo.com;2-й Дербеневский пер.д.98 кв.451;21;27
89368250831;hammes.zetta@bednar.com;ул. Лефортовский Валд.64 кв.403;8;14
89267063483;renee.bahringer@oconnell.com;Ленская ул.д.61 кв.157;24;30
89858778487;lebsack.woodrow@gmail.com;Сытинский туп.д.99 кв.94;4;10
89018867200;sandra.johnston@gmail.com;3-я Павлоградская ул.д.65 кв.347;11;17
89017887270;davin.pagac@gmail.com;54-й км МКАДд.60 кв.102;23;29
89639993769;albina.crist@baumbach.biz;1-я Фиалковая ул.д.1 кв.34;4;10
89096648802;ulittel@barton.com;Мирской пр.д.94 кв.468;5;11
89267274494;wuckert.andrew@hotmail.com;пр. № 3д.94 кв.129;8;14
89866834040;gunner.hahn@bins.biz;Пехотная ул.д.87 кв.321;9;15
89169303755;koch.elena@nikolaus.net;Рабфаковский пер.д.34 кв.341;16;22
89178659911;zweimann@kuhn.com;Ореховая ул.д.9 кв.171;10;16
89018791608;domenic85@pagac.net;9-я ул. Новые Садыд.82 кв.449;13;19
89869229560;farrell.nya@yahoo.com;Б. Девятинский пер.д.74 кв.336;4;10
89867680709;quitzon.icie@gmail.com;ул. Любови Орловойд.5 кв.28;21;27
89868360806;mquigley@hagenes.net;ул. Русское Полед.99 кв.285;3;9
89666076477;mraz.kenyatta@yahoo.com;Цветочная ул.д.72 кв.110;12;18
89258226565;keebler.ralph@gmail.com;5-я ул. Соколиной Горыд.84 кв.477;9;15
89589691985;effertz.ernestina@yahoo.com;Привольный пр.д.92 кв.411;9;15
89157877254;schimmel.marcella@hotmail.com;Луговая ул.д.94 кв.362;22;28
89868606841;kling.evelyn@reilly.com;2-й Вышеславцев пер.д.75 кв.277;21;27
89268493408;claudie.johns@witting.com;ул. Вторая Пятилеткад.51 кв.39;4;10
89168474461;ahoeger@yahoo.com;ул. Саляма Адиляд.67 кв.463;16;22
89996476165;shania45@howell.com;Южная ул.д.22 кв.367;3;9
89856296678;qkuphal@medhurst.com;ул. Знаменкад.46 кв.128;3;9
89017344843;jfritsch@schamberger.info;Каштановая аллеяд.60 кв.424;11;17
89869781726;mills.ceasar@yahoo.com;Подольская ул.д.63 кв.300;24;30
89368034504;elta05@bauch.com;Тенистая ул.д.13 кв.87;24;30
89196106923;kzboncak@hotmail.com;Жасминовая ул.д.31 кв.6;17;23
89778108588;hmitchell@russel.com;Измайловский бульв.д.85 кв.227;18;24
89256798503;umurazik@yahoo.com;81-й км МКАДд.84 кв.104;18;24
89867200668;kmills@hamill.biz;ул. 1812 Годад.39 кв.346;18;24
89856671166;senger.celestino@hartmann.com;Московская ул.д.53 кв.425;23;29
89177771865;nmurazik@hotmail.com;Светлый пр.д.29 кв.335;19;25
89999893746;lstamm@yahoo.com;Лиственная ул.д.31 кв.88;24;30
89869353980;klein.beaulah@gmail.com;2-я Останкинская ул.д.96 кв.127;25;31
89018490042;webster54@yahoo.com;Луговая ул.д.33 кв.185;24;30
89098529389;oceane44@windler.com;Иверский пер.д.75 кв.264;18;24
89157034538;sawayn.natalia@hotmail.com;Тессинский пер.д.44 кв.247;19;25
89856181802;robert24@bruen.com;Новоселенский пер.д.18 кв.356;5;11
89997492642;ohowell@gmail.com;ул. Чаяновад.57 кв.148;11;17
89168131935;morar.angelita@kunde.com;Верхняя ул.д.44 кв.247;23;29
89019967275;aurore.hodkiewicz@jakubowski.net;ул. Маршала Тимошенкод.78 кв.376;11;17
89269421805;jaclyn00@kohler.com;ул. Кашёнкин Лугд.1 кв.479;4;10
89016126919;ahoeger@yahoo.com;Гусарская ул.д.43 кв.245;24;30
89196951879;wflatley@gutkowski.net;Десятинная ул.д.8 кв.250;9;15
89856347424;elsie67@gmail.com;10-я ул. Новые Садыд.84 кв.399;14;20
89586293601;icruickshank@yahoo.com;Кирпичная ул.д.11 кв.298;10;16
89779335717;tyreek.hartmann@bergnaum.com;Б. Никитская ул.д.80 кв.419;17;23
89259106938;yvonne44@larkin.com;Загорьевская ул.д.33 кв.32;21;27
89588338007;trycia62@hudson.com;ул. Гоголяд.67 кв.3;3;9
89778091966;bogisich.orlo@yahoo.com;Теплостанский пр.д.35 кв.264;23;29
89018410425;makenna05@yahoo.com;Чукотский пр.д.80 кв.232;2;8
89648724431;bnader@hudson.info;ул. Поляныд.94 кв.265;2;8
89096475214;hessel.terry@kiehn.biz;ул. Полковника Милиции Курочкинад.23 кв.351;18;24
89297499707;bill.kris@boyer.info;ул. Потылихад.45 кв.310;16;22
89167284604;cweber@erdman.org;ул. Толбухинад.23 кв.12;20;26
89586273451;zena85@jacobi.biz;Сормовская ул.д.7 кв.103;13;19
89858797351;alivia57@braun.org;пл. Маршала Бабаджанянад.9 кв.467;24;30
89037966620;boyle.wilhelmine@gmail.com;ул. Кржижановскогод.10 кв.138;4;10
89368635129;kreiger.myrl@johnson.com;ул. Добролюбовад.16 кв.411;4;10
89589601039;beier.israel@williamson.org;Веткина ул.д.64 кв.332;4;10
89589998630;hlarson@stracke.biz;3-й Новый пер.д.55 кв.356;5;11
89157221402;freeda.gibson@gmail.com;Соловьиная ул.д.23 кв.169;25;31
89866065456;okuneva.ben@yost.info;Ср. Кисловский пер.д.41 кв.126;14;20
89367737148;dayton85@roberts.org;ул. Измайловский Валд.40 кв.342;13;19
89098249728;mante.darwin@wunsch.com;ул. Мичуринад.34 кв.411;20;26
89167047017;briana.rodriguez@armstrong.net;Югорский пр.д.87 кв.420;8;14
89366067288;igusikowski@hotmail.com;Живарев пер.д.10 кв.107;19;25
89688547925;ohammes@jenkins.com;ул. Логвиненкод.81 кв.172;20;26
89998441584;justus57@hotmail.com;ул. Богдановад.69 кв.409;25;31
89106317494;breilly@smitham.com;М. Головин пер.д.18 кв.131;11;17
89996516116;khermiston@jacobi.com;63-й км МКАДд.32 кв.410;7;13
89649407337;rae80@leuschke.org;Овражная ул.д.39 кв.481;25;31
89839788052;burnice37@quitzon.com;Болотная наб.д.49 кв.246;10;16
89159159861;rrodriguez@damore.net;Весенняя ул.д.44 кв.203;18;24
89996258023;maurine.prosacco@yahoo.com;ул. Маршала Тухачевскогод.76 кв.309;22;28
89667222710;koss.erling@klein.org;ул. Строителейд.17 кв.348;9;15
89866273027;ybogan@yahoo.com;ул. Искрыд.26 кв.102;17;23
89107289675;rogelio.ferry@gmail.com;Шепелюгинский пер.д.10 кв.237;14;20
89699661120;constance.hackett@labadie.com;Пресненская наб.д.52 кв.365;23;29
89257163501;cruickshank.noemie@turcotte.net;Скотопрогонная ул.д.5 кв.497;18;24
89059003949;schinner.jairo@gmail.com;Трудовая ул.д.80 кв.5;6;12
89637182053;merritt.boyer@yahoo.com;пр-кт Генерала Дороховад.51 кв.414;16;22
89668220483;zjacobi@hotmail.com;Камчатская ул.д.77 кв.350;23;29
89589826411;leon.konopelski@mcclure.com;Крестьянская ул.д.30 кв.410;20;26
89998664364;smosciski@yahoo.com;Соболевский пр.д.4 кв.328;23;29
89179474733;joaquin16@stoltenberg.net;2-й Вражский пер.д.16 кв.195;15;21
89867864800;llangworth@senger.com;ул. Руставелид.79 кв.352;15;21
89258964203;andrew.haag@hotmail.com;ул. Паперникад.58 кв.148;11;17
89586749301;conroy.alexandrine@yahoo.com;ул. Связистовд.86 кв.62;3;9
89808484284;lamont45@wilderman.com;Краснолиманская ул.д.94 кв.369;25;31
89779905307;hettinger.alene@gmail.com;Островная ул.д.53 кв.75;23;29
89096695379;bulah.brown@yahoo.com;Осенняя ул.д.68 кв.470;6;12
89778295190;vhammes@hotmail.com;Дубнинская ул.д.46 кв.318;2;8
89588490508;orunolfsdottir@hotmail.com;2-я ул. Лукинод.58 кв.176;17;23
89809619742;krajcik.mia@yahoo.com;ул. Просекад.89 кв.151;9;15
89997235716;lwisozk@gmail.com;2-я ул. Новосёлкид.40 кв.164;17;23
89157581539;brennon77@hotmail.com;Луговая ул.д.77 кв.42;7;13
89107709222;river30@gusikowski.net;ул. Михельсонад.24 кв.254;12;18
89699420527;mona.bailey@kilback.com;Академическая ул.д.67 кв.339;21;27
89017223145;vbayer@yahoo.com;Ровная ул.д.44 кв.59;17;23
89588590649;mitchell.roob@yahoo.com;ул. Сталеваровд.89 кв.265;7;13
89869162512;elta05@bauch.com;Богатырский мостд.31 кв.320;25;31
89098941244;carey33@miller.net;Дубнинский пр.д.14 кв.415;25;31
89266666992;schulist.leta@hermann.com;Печорская ул.д.59 кв.44;5;11
89697558304;jacobi.dianna@bins.com;Верх. Сыромятническая ул.д.5 кв.143;5;11
89809535814;mquigley@hagenes.net;2-я Ямская ул.д.69 кв.258;6;12
89168431204;arnaldo99@greenfelder.com;пл. Хо Ши Минад.21 кв.209;18;24
89169842139;cordie.heidenreich@gmail.com;Заводская ул.д.58 кв.317;25;31
89807560075;julio96@beatty.com;Ейская ул.д.25 кв.89;8;14
89018017962;acollins@rodriguez.biz;Павловская ул.д.63 кв.467;9;15
89837652427;beth51@moen.com;Учительский пр.д.57 кв.102;3;9
89868907566;qdickinson@kuhic.com;1-й Голутвинский пер.д.49 кв.248;12;18
89996563955;francis73@yahoo.com;ул. Нечаевскаяд.86 кв.11;11;17
89588628036;laisha.mraz@gmail.com;Театральный пр.д.19 кв.8;11;17
89266312464;verla30@yahoo.com;91-й км МКАДд.80 кв.46;17;23
89998197877;sincere.rice@yahoo.com;1-й Смоленский пер.д.6 кв.446;20;26
89776957053;mante.darwin@wunsch.com;ул. Карла Марксад.18 кв.151;17;23
89629941082;ihamill@sanford.net;ул. Чаплыгинад.66 кв.8;3;9
89017043972;iward@yahoo.com;Пименовский туп.д.24 кв.234;12;18
89808936419;pziemann@gibson.com;ул. Емельяна Пугачевад.78 кв.15;7;13
89367433007;turner.janae@yahoo.com;Старая пл.д.27 кв.254;12;18
89647905417;dach.allison@yahoo.com;Рабфаковский пер.д.92 кв.140;25;31
89198888571;reichel.rebekah@schaden.com;13-й пр. Марьиной Рощид.64 кв.24;4;10
89627327248;amalia.raynor@ohara.info;ул. Аносовад.29 кв.290;21;27
89867226475;kip93@hotmail.com;ул. Конструктора Гуськовад.22 кв.398;2;8
89368681397;scottie.rohan@gmail.com;Комсомольская ул.д.7 кв.391;6;12
89776761748;kailee94@kerluke.biz;1-й Электрозаводский пер.д.71 кв.400;24;30
89108787275;vkoepp@gmail.com;Луговая ул.д.10 кв.76;11;17
89166206470;mack.hayes@ziemann.net;Челюскинская ул.д.36 кв.477;21;27
89198840659;concepcion.hauck@stark.net;Б. Семёновская ул.д.18 кв.423;9;15
89589812049;ken.kuhic@leuschke.com;Солнечная ул.д.80 кв.474;25;31
89779510908;preston.walker@walsh.com;ул. Артамоновад.84 кв.307;14;20
89299572249;burnice37@quitzon.com;Журавлиная ул.д.87 кв.311;7;13
89779912538;ebert.wilfrid@yahoo.com;9-й км МКАДд.20 кв.244;7;13
89868241980;leanna.balistreri@bode.com;2-й Терновый пер.д.69 кв.472;21;27
89298426100;bennett.rohan@mills.com;ул. Менжинскогод.64 кв.366;5;11
89779026002;henry.schmidt@langworth.biz;Б. Кисловский пер.д.34 кв.89;22;28
89196603762;rohan.estrella@yahoo.com;Ростокинская ул.д.46 кв.163;22;28
89999570089;kub.olin@yahoo.com;Речная ул.д.96 кв.160;21;27
89867467684;koch.elena@nikolaus.net;Орехово-Зуевский пр.д.5 кв.31;10;16
89259349638;carey33@miller.net;6-я Скворцовая ул.д.90 кв.123;9;15
89996173117;tessie.mclaughlin@hotmail.com;3-я Песчаная ул.д.80 кв.155;17;23
89018356369;xmitchell@mann.com;Лесная ул.д.47 кв.407;17;23
89776929341;gbashirian@yahoo.com;ул. Академика Комаровад.25 кв.390;22;28
89256713988;freeda88@gmail.com;ул. Дубовой Рощид.4 кв.98;17;23
89176157834;welch.shania@yahoo.com;Раздельная ул.д.46 кв.129;12;18
89996652415;hank.watsica@yahoo.com;ул. Дмитриевскогод.14 кв.307;4;10
89587248921;swift.carlee@gmail.com;2-я ул. Марьиной Рощид.89 кв.284;20;26
89267581630;kelli68@hotmail.com;3-й Садовый пр.д.6 кв.347;22;28
89866182193;xhaag@hotmail.com;Лубянская пл.д.45 кв.141;25;31
89296774434;river30@gusikowski.net;Майская ул.д.31 кв.78;15;21
89167825434;alexzander.pollich@yahoo.com;ул. 1-й км Объездной Дорогид.37 кв.185;13;19
89197577219;buckridge.hillary@mayer.com;бульв. Энтузиастовд.24 кв.376;23;29
89179659257;patrick.streich@yahoo.com;Рузская ул.д.25 кв.87;7;13
89109493979;cade.rogahn@paucek.net;Михалковская ул.д.60 кв.473;19;25
89058639358;xcremin@gmail.com;2-й Миргородский пер.д.50 кв.388;25;31
89108650270;ohowell@gmail.com;3-й Лучевой просекд.68 кв.9;18;24
89589023405;clemmie19@smith.com;ул. Алёшинская Долинад.93 кв.374;4;10
89158835007;leola.spencer@yahoo.com;2-я Крылатская ул.д.11 кв.90;7;13
89269704962;uosinski@yahoo.com;3-я Парковая ул.д.38 кв.466;17;23
89166497942;vella.pfannerstill@kautzer.com;1-й Лесной пер.д.29 кв.480;17;23
89039763522;mante.danny@hotmail.com;7-я ул. Новые Садыд.16 кв.148;13;19
89256840063;donny.frami@gmail.com;Волоколамское ш.д.74 кв.349;22;28
89648320309;crist.aurelia@sipes.com;Линейный пр.д.54 кв.492;16;22
89017132287;burnice62@gmail.com;ул. 8 Мартад.70 кв.123;25;31
89996406807;qolson@yahoo.com;Передельцевский пр.д.71 кв.419;7;13
89259736740;bernadine91@daugherty.com;3-й Кирпичный пер.д.35 кв.494;11;17
89106510624;ethan.koch@yahoo.com;ул. Маршала Тухачевскогод.50 кв.278;17;23
89836250952;wmorissette@yahoo.com;Литературный пр.д.5 кв.194;10;16
89586702620;kunze.rosanna@crist.net;ул. Ивана Франкод.17 кв.482;18;24
89999766938;heber.schinner@yahoo.com;Гамсоновский пер.д.1 кв.380;12;18
89626505046;aflatley@dach.com;Крюковская эстакадад.19 кв.459;12;18
89299768329;estell14@beatty.com;Никольский туп.д.29 кв.499;24;30
89366987435;weber.antonia@yahoo.com;Маленковская ул.д.22 кв.149;7;13
89999752092;homenick.nathanial@hotmail.com;Газовский пер.д.42 кв.112;4;10
89199329010;mikayla56@hotmail.com;ул. Кухмистеровад.26 кв.291;11;17
89016481965;brandy37@cummerata.info;Ивановский пр.д.40 кв.469;3;9
89857712998;maurine16@harris.net;ул. Балчугд.12 кв.349;5;11
89158564122;lstamm@yahoo.com;ул. Потылихад.61 кв.228;21;27
89199275461;madalyn.dickinson@gmail.com;Зелёная ул.д.31 кв.228;6;12
89777585815;breitenberg.elyse@yahoo.com;Новопеределкинская ул.д.34 кв.302;21;27
89778989446;tbogisich@gmail.com;5-й Очаковский пер.д.20 кв.117;13;19
89068515096;dibbert.chloe@gmail.com;Озёрная ул.д.54 кв.423;20;26
89108766448;runolfsdottir.owen@adams.com;ул. Черёмушкид.52 кв.434;22;28
89859744539;bernice33@cormier.com;13-й км МКАДд.95 кв.156;12;18
89056605606;vreinger@hotmail.com;ул. Маршала Коневад.13 кв.123;5;11
89168442700;cynthia.reichel@lubowitz.com;Черницынский пр.д.1 кв.39;5;11
89056200383;brandt64@hotmail.com;ул. Игоря Численкод.72 кв.15;15;21
89169113613;lebsack.al@hotmail.com;М. Николопесковский пер.д.5 кв.338;23;29
89839494480;jackeline.cruickshank@quitzon.com;1-й Павелецкий пр.д.16 кв.364;18;24
89998715492;kuphal.oma@feil.com;Сентябрьская ул.д.10 кв.322;24;30
89366389966;jerad54@hettinger.com;Палехская ул.д.27 кв.136;24;30
89368616548;eldridge.ritchie@lebsack.com;Наташинская ул.д.62 кв.315;11;17
89586934420;arielle.cormier@hotmail.com;Токмаков пер.д.74 кв.14;22;28
89996484224;bessie53@gmail.com;Южная ул.д.12 кв.207;20;26
89659678454;gusikowski.billie@macejkovic.com;Ходынская ул.д.52 кв.13;13;19
89858361045;abdul.mraz@gmail.com;Староволынская ул.д.83 кв.440;7;13
89038762987;khalil95@hotmail.com;Тестовская ул.д.85 кв.309;5;11
89778583778;xluettgen@larkin.info;5-я Кабельная ул.д.74 кв.198;20;26
89867358493;dchamplin@gmail.com;ул. Академика Франкад.10 кв.197;3;9
89019520381;batz.lester@dooley.com;ул. Старателейд.40 кв.384;4;10
89199962939;estreich@gmail.com;Чермянский пр.д.60 кв.196;5;11
89808834754;tlynch@spencer.com;1-й км МКАДд.17 кв.257;7;13
89667502138;wleffler@bahringer.com;ул. Госпитальный Валд.90 кв.309;5;11
89868111262;lhand@rodriguez.info;3-й Зимёнковский пер.д.19 кв.188;23;29
89017965601;savanna.effertz@ernser.com;Лесная ул.д.91 кв.380;15;21
89867926867;fdoyle@yahoo.com;Вологодский пр.д.8 кв.333;11;17
89676698610;clang@schneider.net;Ново-Западная ул.д.40 кв.329;21;27
89018953638;hwill@gmail.com;Подгорская наб.д.13 кв.83;18;24
89869922992;johathan29@hotmail.com;3-я Лыковская ул.д.69 кв.469;17;23
89996964041;baumbach.sedrick@hotmail.com;2-й Спасоналивковский пер.д.98 кв.206;10;16
89269795493;burley60@koss.org;ул. Сайкинад.62 кв.370;21;27
89017597981;kuhn.bennett@will.com;ул. Маршала Соколовскогод.99 кв.441;11;17
89296764968;corkery.wava@hotmail.com;12-я Новокузьминская ул.д.54 кв.69;21;27
89859618392;milton44@gmail.com;4-й Хуторской пер.д.96 кв.112;14;20
89688668865;ethan.koch@yahoo.com;Центральная ул.д.87 кв.187;22;28
89297815193;clemmie.jones@simonis.com;Тушинская пл.д.92 кв.230;6;12
89259845060;thompson.carmella@gmail.com;ул. Академика Флёровад.60 кв.390;10;16
89258304452;pschultz@gmail.com;6-я Парковая ул.д.8 кв.330;18;24
89167137032;gretchen.durgan@yahoo.com;1-й Дачно-Мещерский пр.д.66 кв.307;20;26
89687893386;tremblay.jefferey@hotmail.com;2-й Тульский пер.д.47 кв.305;21;27
89809685704;emosciski@dare.com;Крымский мостд.64 кв.103;10;16
89016851734;oren21@yahoo.com;Светлая ул.д.69 кв.52;17;23
89776664046;ogutmann@yahoo.com;Колымажный пер.д.85 кв.126;9;15
89867551947;lisandro.hirthe@gmail.com;7-я ул. Новые Садыд.37 кв.136;14;20
89178879603;clifford.kulas@hotmail.com;ул. Нижние Поляд.90 кв.66;3;9
89016716377;anahi.erdman@hotmail.com;Цветочная ул.д.47 кв.387;16;22
89016440713;memmerich@yahoo.com;Зоологический пер.д.5 кв.186;7;13
89996227793;daphnee.durgan@yahoo.com;ул. Анны Воиновойд.90 кв.96;22;28
89299624161;emmerich.dee@prosacco.com;Денежный пер.д.53 кв.126;22;28
89038502931;marquis37@eichmann.com;2-я ул. Рославкад.3 кв.217;11;17
89177190473;christiansen.anissa@hettinger.com;Алтайская ул.д.11 кв.269;4;10
89267524975;sarina.tromp@morissette.com;Новотушинский пр.д.90 кв.206;2;8
89666122243;paucek.milan@gmail.com;Черневская ул.д.35 кв.246;11;17
89679373176;thiel.felicia@hotmail.com;3-й Дорожный пр.д.18 кв.208;19;25
89866904983;bogisich.lee@gmail.com;ул. Просвещенияд.44 кв.228;19;25
89299822107;fdonnelly@yahoo.com;Тенистая ул.д.68 кв.82;4;10
89109259331;obergnaum@wehner.com;11-й пр. Марьиной Рощид.95 кв.302;22;28
89699741875;lleannon@gmail.com;Остафьевская ул.д.72 кв.9;15;21
89367518977;iorn@cormier.info;5-я Кабельная ул.д.87 кв.398;25;31
89866941065;derrick72@ankunding.info;5-й Дачно-Мещерский пр.д.48 кв.385;15;21
89809734371;shane63@klocko.com;Мазиловская ул.д.82 кв.22;12;18
89107120305;labadie.salvador@gmail.com;Лесная ул.д.60 кв.222;18;24
89658603287;andreanne95@yahoo.com;Кронбургская ул.д.74 кв.422;3;9
89778367136;heloise.turner@fritsch.com;Александровская ул.д.48 кв.18;24;30
89056689761;quincy44@abernathy.info;ул. Новинкид.30 кв.211;20;26
89019495312;katrine.ledner@gmail.com;Цветочная ул.д.2 кв.457;18;24
89269668327;eleanore.corkery@davis.com;Луговая ул.д.30 кв.351;21;27
89297867107;carolyne.labadie@hotmail.com;Летняя аллеяд.14 кв.275;10;16
89808915066;mwhite@hotmail.com;М. Никитская ул.д.78 кв.382;16;22
89588653768;rboyle@kerluke.com;Детская ул.д.84 кв.237;14;20
89589654831;oconnell.moises@yahoo.com;Преображенская ул.д.39 кв.254;13;19
89366892809;donald.johns@rodriguez.com;Благодатная ул.д.62 кв.402;23;29
89017006803;grussel@hotmail.com;2-я Фрезерная ул.д.43 кв.265;15;21
89018902219;orn.dallin@nolan.com;2-я ул. Новосёлкид.91 кв.443;3;9
89098601046;morar.roberto@hotmail.com;Рублёво-Успенское ш.д.65 кв.32;5;11
89197734139;yolanda87@gmail.com;Домниковский пер.д.43 кв.403;5;11
89198955147;patrick27@hotmail.com;Электрозаводская ул.д.97 кв.324;10;16
89177057256;plemke@wunsch.com;Первомайская ул.д.49 кв.108;10;16
89296097147;pollich.lorenz@boyer.com;Запорожская ул.д.53 кв.455;10;16
89099665176;cschowalter@hotmail.com;Раздольная ул.д.59 кв.50;6;12
89297574242;bchamplin@hotmail.com;Подъёмный пер.д.51 кв.32;19;25
89999228358;ihyatt@gmail.com;Октябрьская ул.д.30 кв.153;8;14
89779513661;elta05@bauch.com;Нижн. Борисовский мостд.60 кв.254;2;8
89627268902;ygrimes@lang.net;1-я Боевская ул.д.12 кв.259;18;24
89996790509;ryder95@nienow.com;3-я Клеверная ул.д.60 кв.13;8;14
89686001714;rcollins@orn.com;3-й Садовый пр.д.6 кв.93;4;10
89368756800;newton.dibbert@murphy.com;Лесная ул.д.82 кв.428;2;8
89178345625;golda80@hotmail.com;ул. Б. Молчановкад.30 кв.203;20;26
89779195538;audrey59@gmail.com;ул. Газовиковд.28 кв.361;25;31
89106298779;shana07@eichmann.info;Нижн. Радищевская ул.д.62 кв.276;13;19
89996412993;flatley.oren@lakin.org;ул. Связистовд.81 кв.155;15;21
89998981523;roxanne05@greenfelder.info;Луговая ул.д.5 кв.379;16;22
89998519076;daugherty.wade@thompson.com;ул. Заморёновад.51 кв.268;16;22
89268061796;autumn43@rolfson.com;Николо-Клёновский пер.д.5 кв.133;25;31
89197861253;magali14@yahoo.com;ул. Столетовад.63 кв.171;6;12
89059586894;stracke.warren@yahoo.com;Угличская ул.д.79 кв.320;24;30
89017642425;turcotte.emmanuel@yahoo.com;Взлётная ул.д.27 кв.221;24;30
89586639094;jones.yadira@yahoo.com;Бережковская наб.д.82 кв.390;22;28
89266905572;bosco.cullen@corwin.com;73-й км МКАДд.15 кв.96;2;8
89106591587;mante.danny@hotmail.com;Измайловский пр.д.64 кв.277;15;21
89369551790;celia52@shields.com;ул. Комдива Орловад.43 кв.239;7;13
89807940992;lamont45@wilderman.com;9-я ул. Соколиной Горыд.83 кв.143;3;9
89299978263;fredy29@gislason.com;Рябиновая ул.д.13 кв.238;23;29
89266241632;reynolds.mona@hotmail.com;ул. Маршала Тимошенкод.43 кв.304;16;22
89678076578;norwood82@wolff.com;Б. Кисельный пер.д.38 кв.488;24;30
89299545135;marjory.mcglynn@gmail.com;1-й Щипковский пер.д.93 кв.324;24;30
89998817871;serenity.kautzer@goldner.info;Дорожная ул.д.64 кв.390;13;19
89839155874;wilford.harris@sporer.com;Стромынский пер.д.38 кв.214;25;31
89626197056;alfredo.kiehn@konopelski.biz;Известковый пер.д.8 кв.178;11;17
89017737559;gustave68@yahoo.com;6-я ул. Лазенкид.25 кв.43;4;10
89068851884;delilah43@yahoo.com;Совхозная ул.д.89 кв.38;2;8
89267127118;langosh.amos@jacobi.com;8-я Вишнёвая ул.д.55 кв.8;24;30
89866164531;raynor.eudora@yahoo.com;Сибиряковская ул.д.50 кв.328;5;11
89627741668;bednar.abbey@yahoo.com;Полимерная ул.д.66 кв.157;18;24
89258772300;rafaela63@gmail.com;ул. Кандинскогод.16 кв.133;17;23
89776386765;luettgen.elenor@gmail.com;3-й Дачно-Мещерский пр.д.25 кв.134;24;30
89257596754;jettie33@kuhic.com;пл. Расковойд.6 кв.95;9;15
89646294833;corkery.wava@hotmail.com;Весёлая ул.д.49 кв.443;18;24
89588257713;torp.clemens@gmail.com;2-я Крылатская ул.д.48 кв.6;5;11
89777136671;green.chanel@smith.com;Танковый пр.д.14 кв.43;19;25
89856541462;udenesik@gmail.com;Набережная ул.д.91 кв.271;7;13
89156908331;rachelle.ferry@yahoo.com;Молодёжная ул.д.60 кв.131;8;14
89996919320;kuhlman.naomie@yahoo.com;М. Черкизовская ул.д.81 кв.118;18;24
89259363394;joana33@barrows.biz;Андреевская наб.д.56 кв.129;24;30
89698570045;slarkin@haag.biz;6-й пр. Подбельскогод.41 кв.227;10;16
89159955786;lydia78@yahoo.com;Новофилёвский пр.д.2 кв.196;12;18
89837593050;ymann@gmail.com;Новолесная ул.д.32 кв.393;25;31
89589810194;hermiston.alaina@gmail.com;Милицейский пер.д.33 кв.384;17;23
89269209820;marie28@connelly.com;2-й Крестовский пер.д.43 кв.8;2;8
89776506329;frieda.wunsch@herzog.com;ул. Маршала Чуйковад.92 кв.246;13;19
89866964232;kdoyle@yahoo.com;3-я Владимирская ул.д.60 кв.211;11;17
89267888313;america.koss@hotmail.com;Вересковая ул.д.28 кв.212;22;28
89106573967;klocko.freida@hotmail.com;М. Знаменский пер.д.59 кв.79;18;24
89688476037;roxanne05@greenfelder.info;Лонгиновская ул.д.9 кв.115;13;19
89998674134;nolan.katrina@yahoo.com;Магнитогорская ул.д.77 кв.225;4;10
89639253288;fvon@howell.net;Семинарский туп.д.94 кв.101;10;16
89197677940;bpredovic@deckow.com;ул. Пикассод.17 кв.19;17;23
89676953229;burnice62@gmail.com;Тихорецкий бульв.д.95 кв.181;25;31
89266103878;aurore.hodkiewicz@jakubowski.net;Новорублёвская ул.д.95 кв.384;25;31
89167171470;arnold.cassin@morar.com;пр. Шокальскогод.48 кв.153;17;23
89998349073;udach@olson.biz;ул. Хромовад.52 кв.24;5;11
89679453827;laurie.bogisich@yahoo.com;3-й Павелецкий пр.д.81 кв.275;7;13
89258681199;pollich.ava@powlowski.com;ул. Прямиковад.92 кв.436;18;24
89586191878;beth51@moen.com;Садовая ул.д.78 кв.454;12;18
89866962578;reichel.claude@hotmail.com;1-й Зачатьевский пер.д.40 кв.477;6;12
89369180506;ysporer@yahoo.com;ул. Константина Фединад.19 кв.142;16;22
89588417719;otha25@prohaska.com;72-й км МКАДд.85 кв.187;12;18
89666667567;elyse.ziemann@wiza.info;Прудная ул.д.69 кв.49;16;22
89107789583;ricardo32@yahoo.com;2-я Звенигородская ул.д.63 кв.124;6;12
89688601881;maryjane.greenholt@hotmail.com;Б. Филёвская ул.д.20 кв.112;20;26
89639438071;swift.carlee@gmail.com;3-й Зимёнковский пер.д.27 кв.491;17;23
89106997914;kale22@bayer.com;Хлебный пер.д.2 кв.318;13;19
89998714209;mariela.hodkiewicz@gleason.com;Мастеровая ул.д.49 кв.363;20;26
89258353237;amonahan@gleason.com;Посланников пер.д.15 кв.54;4;10
89269940165;hudson.kaylin@hotmail.com;1-й Краснокурсантский пр.д.52 кв.407;11;17
89257806390;abbott.hannah@gmail.com;Новосходненское ш.д.52 кв.482;5;11
89157905667;jfriesen@fahey.com;ул. Татлинад.44 кв.249;5;11
89868987793;dewitt02@bergnaum.com;Лосиный пер.д.6 кв.181;3;9
89169399174;arlie98@hotmail.com;Ясногорская ул.д.61 кв.253;15;21
89159410788;uoreilly@torphy.info;Осенняя ул.д.15 кв.125;23;29
89108594717;merritt.boyer@yahoo.com;1-я Кабельная ул.д.69 кв.9;8;14
89587734326;braeden89@yahoo.com;Ряжская ул.д.84 кв.63;23;29
89688831698;gislason.athena@hegmann.info;Сатинская ал.д.61 кв.193;21;27
89097666903;cparisian@huels.biz;ул. Медовая Долинад.97 кв.2;8;14
89068183724;ernesto93@towne.com;Пожарский пер.д.76 кв.125;2;8
89686144884;veichmann@yahoo.com;ул. Подольских Курсантовд.90 кв.15;23;29
89056239870;edd02@hotmail.com;Проточный пер.д.58 кв.49;7;13
89627143571;gdouglas@blanda.com;ул. Лесная Аллеяд.43 кв.326;2;8
89299748791;harold05@prosacco.com;Цветочная ул.д.48 кв.104;15;21
89589703183;moen.cortez@gmail.com;Хлебный пер.д.57 кв.323;15;21
89637313096;whilpert@hotmail.com;1-й Кабельный пр.д.71 кв.158;20;26
89366968154;jacobi.rasheed@moen.com;Московско-Казанский пер.д.1 кв.191;9;15
89857388106;blueilwitz@jaskolski.com;17-й пр. Марьиной Рощид.48 кв.340;25;31
89266621609;dbayer@borer.net;1-я Мякининская ул.д.65 кв.176;13;19
89778730619;rhayes@glover.com;Солянский туп.д.35 кв.244;22;28
89998925869;homenick.triston@romaguera.com;Сретенский бульв.д.57 кв.70;20;26
89587936328;enola.kautzer@schoen.net;Старофилинская ул.д.86 кв.117;11;17
89999131014;noah.ondricka@doyle.info;Головановский пер.д.8 кв.22;19;25
89268419728;lydia78@yahoo.com;ул. Ларионовад.50 кв.215;22;28
89267322230;elsie67@gmail.com;5-я Нововатутинская ул.д.48 кв.105;21;27
89056811394;eldon22@hickle.biz;1-й Волоколамский пр.д.99 кв.312;10;16
89058278043;jettie33@kuhic.com;Каширский пр.д.77 кв.151;5;11
89586365263;psipes@hotmail.com;5-я Радиальная ул.д.48 кв.185;23;29
89159014609;goldner.lina@lubowitz.com;ул. Авиаторовд.83 кв.395;15;21
89096902277;srutherford@wisozk.com;ул. Потаповская Рощад.70 кв.395;17;23
89056402948;fiona12@hotmail.com;8-я ул. Новые Садыд.5 кв.214;11;17
89667631533;considine.verda@swift.com;Центральная ул.д.67 кв.88;7;13
89169623883;christiana90@hotmail.com;Нижн. Борисовский мостд.1 кв.483;17;23
89299667041;orn.dallin@nolan.com;Б. Москворецкий мостд.54 кв.481;9;15
89157778339;jazmyne.boyle@goodwin.org;Чароитовая ул.д.91 кв.467;22;28
89779107639;blaze15@hotmail.com;ул. Марии Ульяновойд.96 кв.87;3;9
89587762452;kurt.fay@yahoo.com;Новая ул.д.75 кв.418;4;10
89097175169;nelson.weber@bode.com;Берёзовая ул.д.68 кв.155;5;11
89198891291;morissette.jakob@gmail.com;Варшавское ш.д.80 кв.241;3;9
89107546693;mturner@gmail.com;Тупиковая ул.д.88 кв.150;9;15
89999595259;qbeier@smith.com;Бородинский мостд.93 кв.291;7;13
89999616939;kassulke.trent@gmail.com;ул. Верх. Хохловкад.55 кв.240;7;13
89057129580;fgoodwin@tillman.com;ул. Александра Поповад.90 кв.47;11;17
89648893580;fwelch@yahoo.com;пр-д Вишневскогод.62 кв.199;13;19
89586867297;alexandre19@bradtke.com;Норильская ул.д.99 кв.153;4;10
89299044810;jamaal.strosin@schulist.com;Отрадная ул.д.50 кв.102;22;28
89629748203;cparisian@huels.biz;Мартовская ул.д.62 кв.295;15;21
89588053320;viviane83@heathcote.info;2-й Варшавский пр.д.90 кв.103;8;14
89036416827;treva.turcotte@jones.org;Средний пр.д.5 кв.372;3;9
89999684150;lydia78@yahoo.com;ул. Просвещенияд.89 кв.98;14;20
89298840721;alexis44@hotmail.com;Кривоникольский пер.д.17 кв.430;3;9
89368297692;lindsay25@yahoo.com;Подмосковная ул.д.33 кв.271;16;22
89836051095;keebler.henderson@torphy.org;ул. Мирад.3 кв.470;20;26
89106999797;kfranecki@mcclure.com;Подмосковная ул.д.39 кв.414;7;13
89177079489;hmurphy@gerlach.com;Утренняя ул.д.53 кв.259;18;24
89056774913;cbraun@glover.info;Ключевая ул.д.5 кв.420;8;14
89857702837;jwalker@hotmail.com;Поперечная ул.д.2 кв.83;16;22
89158578437;merritt.boyer@yahoo.com;Ягодная ул.д.93 кв.96;3;9
89159260682;fcorkery@stoltenberg.com;Заводской туп.д.11 кв.376;9;15
89867336673;pollich.ava@powlowski.com;Октябрьский просп.д.57 кв.95;18;24
89777030125;ashtyn.gislason@muller.com;ул. Бубновад.45 кв.110;11;17
89779543879;lydia78@yahoo.com;ул. Лестевад.41 кв.468;5;11
89059550173;paige.will@franecki.net;Александровский пр.д.72 кв.198;8;14
89838585186;xbatz@stehr.info;Бутовский туп.д.35 кв.383;9;15
89178626635;kuhn.bennett@will.com;Октябрьская ул.д.75 кв.414;21;27
89779294740;rachael.douglas@buckridge.com;Январская ул.д.82 кв.440;3;9
89266093046;mills.weston@beahan.com;Коптевский бульв.д.66 кв.282;14;20
89259234219;myrtie87@will.com;Каракашевская ул.д.84 кв.382;22;28
89999001850;andrew.haag@hotmail.com;Староможайское ш.д.63 кв.7;21;27
89626234766;steuber.grant@hotmail.com;Центральная ул.д.41 кв.155;10;16
89296023806;mervin39@hotmail.com;Мукомольный пр.д.7 кв.102;8;14
89158932308;eleanore.corkery@davis.com;Хабаровская ул.д.1 кв.232;19;25
89267798332;mkling@wisozk.com;2-я Северная ул.д.32 кв.344;12;18
89779789242;cmraz@yahoo.com;Приютский пер.д.37 кв.339;14;20
89867750285;sjaskolski@hotmail.com;ул. Яблочковад.19 кв.2;7;13
89258629737;kcremin@hotmail.com;1-я Северная ул.д.16 кв.258;6;12
89868267470;damion.hauck@veum.com;Совхозная ул.д.63 кв.357;20;26
89777924094;kdoyle@yahoo.com;ул. Плющевад.60 кв.162;5;11
89199292155;flatley.garett@heaney.info;Станционная ул.д.48 кв.434;20;26
89626273542;hlueilwitz@balistreri.info;ул. Седовад.64 кв.253;4;10
89158360389;schiller.jaren@ortiz.com;1-й Дунайский пер.д.76 кв.76;5;11
89998837261;whettinger@wehner.com;ул. Гоголяд.27 кв.215;19;25
89018227314;rbecker@gmail.com;Тобольский пер.д.34 кв.218;13;19
89256995927;roma.daugherty@gmail.com;2-й Тушинский пр.д.53 кв.400;25;31
89297455655;haag.elliot@gmail.com;Соловьиная ул.д.92 кв.283;17;23
89806869148;ewell.mosciski@mosciski.org;Ставропольская ул.д.10 кв.136;24;30
89778480419;lleannon@gmail.com;Б. Предтеченский пер.д.29 кв.401;17;23
89648150768;lauren94@hotmail.com;Луговая ул.д.71 кв.431;18;24
89368006834;ronny.gulgowski@larkin.com;2-й Зимёнковский пер.д.96 кв.82;11;17
89296103259;tillman.aurore@cole.net;Центральная ул.д.91 кв.153;17;23
89107568676;everett02@yost.com;Весенняя ул.д.43 кв.166;22;28
89017583743;cara48@bailey.net;ул. Барышихад.18 кв.110;17;23
89587632761;koss.alfredo@dare.com;1-я Фиалковая ул.д.59 кв.412;22;28
89178669241;everette42@casper.info;ул. Б. Дмитровкад.20 кв.295;23;29
89858500226;clarissa.hill@gmail.com;Десятинная ул.д.63 кв.31;15;21
89107211452;hintz.noemy@aufderhar.com;ул. Бегичевад.92 кв.365;16;22
89036741704;pschultz@gmail.com;6-я Клеверная ул.д.94 кв.251;4;10
89857331580;josephine.bartell@feest.info;Университетский просп.д.55 кв.248;12;18
89038617175;leffler.monroe@yahoo.com;ул. Киплингад.46 кв.107;3;9
89779028516;rhiannon.wilderman@stracke.com;2-й Звенигородский пер.д.65 кв.489;8;14
89839934832;ofarrell@hotmail.com;5-я ул. Ямского Поляд.73 кв.248;5;11
89056902076;glarson@hotmail.com;Наличная ул.д.1 кв.290;5;11
89196812381;burley60@koss.org;ул. Яблочковад.45 кв.186;11;17
89298464856;kkilback@gmail.com;ул. Каретный Рядд.3 кв.66;4;10
89156763572;reichert.shaylee@kerluke.com;Астаховский мостд.89 кв.387;6;12
89196115532;abner.kuhic@kertzmann.com;ул. Маршала Кутаховад.33 кв.16;13;19
89839853654;joshua65@hotmail.com;5-я Нововатутинская ул.д.91 кв.93;4;10
89698277895;jerde.daniela@gmail.com;Зеленодольский пр.д.56 кв.35;8;14
89659883389;kelly72@boehm.info;1-й Саратовский пр.д.6 кв.454;10;16
89809652514;fae.hirthe@hansen.net;Абрамцевская ул.д.60 кв.5;22;28
89259529405;yabernathy@yahoo.com;3-й Неопалимовский пер.д.43 кв.468;18;24
89588753844;mittie.windler@durgan.com;1-й Красносельский пер.д.42 кв.492;16;22
89156895138;qdickinson@kuhic.com;5-я Кабельная ул.д.34 кв.439;18;24
89196413289;dbayer@borer.net;ул. Собачкина Сторожкад.14 кв.478;16;22
89859588959;philip.huel@bashirian.info;пр. Берёзовой Рощид.44 кв.102;2;8
89366255345;ohammes@jenkins.com;Рязанский пр.д.95 кв.342;2;8
89098498769;connelly.ryder@hodkiewicz.com;Барыковский пер.д.73 кв.494;11;17
89257776605;clemmie19@smith.com;4-й км МКАДд.69 кв.65;24;30
89866805370;klabadie@upton.com;1-я ул. Машиностроенияд.47 кв.340;12;18
89156497686;carmelo.huel@heller.com;ул. Академика Янгеляд.52 кв.364;10;16
89256329630;eleanora.heidenreich@sipes.org;1-й Балтийский пер.д.35 кв.446;15;21
89777119190;al36@bogisich.info;пр. Нансенад.89 кв.471;24;30
89176296871;mable92@reichel.com;Б. Черёмушкинская ул.д.54 кв.212;23;29
89777922167;linwood03@anderson.com;Поморская ул.д.73 кв.4;12;18
89257086468;joana33@barrows.biz;4-й Северный пер.д.30 кв.145;6;12
89269898735;sigmund.friesen@ratke.com;Красноармейская ул.д.73 кв.4;24;30
89839917392;vbraun@yahoo.com;Лесной пер.д.58 кв.198;7;13
89589443701;mcasper@jakubowski.com;4-й Голутвинский пер.д.41 кв.161;22;28
89698365541;mills.weston@beahan.com;4-й Рощинский пр.д.93 кв.249;24;30
89777705004;ijaskolski@gmail.com;4-й Звенигородский пер.д.33 кв.271;20;26
89697606396;vpaucek@yahoo.com;наб. Шитовад.5 кв.162;6;12
89019776066;keanu.mcclure@marquardt.org;ул. Марьинский Паркд.68 кв.11;22;28
89019009821;qschuppe@gmail.com;Аргуновская ул.д.87 кв.159;5;11
89999075182;reba.block@yahoo.com;Якиманская наб.д.48 кв.244;16;22
89589619988;lowe.jaida@gmail.com;3-й Угрешский пр.д.54 кв.115;8;14
89998693298;brandt64@hotmail.com;Радужная ул.д.33 кв.237;17;23
89867435585;shane63@klocko.com;1-я Рыбацкая ул.д.16 кв.179;8;14
89776454055;valentine49@waters.com;Шоссейный пр.д.17 кв.118;9;15
89779957521;amya.nikolaus@hickle.org;Долгоруковская ул.д.12 кв.407;3;9
89096511807;jovanny.bauch@williamson.com;Вишнёвая ул.д.11 кв.478;19;25
89779234995;heller.sheldon@abbott.info;Поперечный просекд.29 кв.472;23;29
89258033033;aida01@altenwerth.info;Комсомольская пл.д.26 кв.258;25;31
89366551861;ygrimes@lang.net;Серпов пер.д.41 кв.303;14;20
89856914540;urempel@yahoo.com;ул. Неверовскогод.73 кв.290;12;18
89649420139;mkreiger@wilderman.com;Бакинская ул.д.94 кв.330;18;24
89066276842;noemy.franecki@ankunding.com;ул. Кипренскогод.77 кв.437;20;26
89296129158;daphne.stiedemann@oreilly.com;Подкопаевский пер.д.18 кв.280;24;30
89777916245;botsford.niko@bernier.net;2-я Миусская ул.д.7 кв.166;21;27
89367184555;adah75@hotmail.com;Приречная ул.д.81 кв.430;2;8
89688324215;eudora.hauck@hotmail.com;ул. Екатерины Будановойд.56 кв.233;21;27
89109211427;amie.wyman@yahoo.com;Барашёвский пер.д.30 кв.359;14;20
89688453590;srutherford@wisozk.com;ул. Павлика Морозовад.68 кв.179;15;21
89156066207;dach.judge@torphy.com;1-й Новокузнецкий пер.д.37 кв.236;13;19
89267529305;anna.cormier@carter.com;Солнечная ул.д.15 кв.209;10;16
89639407359;bshields@yahoo.com;ул. Гончаровад.33 кв.251;14;20
89779821621;royce06@yahoo.com;Благодатная ул.д.51 кв.108;4;10
89158075393;queenie44@gmail.com;Богородская ул.д.68 кв.228;5;11
89268521151;flatley.zena@gmail.com;ул. Юрия Никулинад.39 кв.182;11;17
89857557076;bennett.rohan@mills.com;Южная ул.д.93 кв.160;12;18
89369621453;adubuque@gmail.com;Дорожная ул.д.65 кв.135;10;16
89037773968;leon.konopelski@mcclure.com;ул. Саломеи Нерисд.96 кв.257;9;15
89266722410;mayert.nicholaus@brown.biz;ул. Подвойскогод.85 кв.407;2;8
89857368268;hhuel@kuphal.biz;Ольховая ул.д.34 кв.189;9;15
89997893781;preston.walker@walsh.com;М. Факельный пер.д.79 кв.146;18;24
89857525693;dohara@gmail.com;Давыдковский мостд.85 кв.185;9;15
89368989706;vincent.bartoletti@gmail.com;3-й Хорошёвский пр.д.66 кв.490;23;29
89996914268;myron.hahn@beahan.org;67-й км МКАДд.75 кв.317;9;15
89808863477;rtorp@hotmail.com;Омская ул.д.7 кв.365;23;29
89587183338;jared97@gmail.com;Пантелеевский пер.д.76 кв.345;9;15
89698013239;ohara.cleo@hotmail.com;М. Ржевский пер.д.95 кв.134;12;18
89176461866;elbert.witting@yahoo.com;2-й Вольный пер.д.15 кв.15;13;19
89159088267;sidney.deckow@hotmail.com;Никитский пер.д.4 кв.387;14;20
89297147161;carroll.carmen@gmail.com;Придорожная ул.д.83 кв.209;11;17
89108847382;hkassulke@gutmann.org;Перспективный пр.д.48 кв.424;12;18
89776727313;shakira26@hotmail.com;1-й Парковый пр.д.26 кв.89;10;16
89778055866;horace.robel@gmail.com;Канатчиковский пр.д.39 кв.197;18;24
89627254817;emosciski@dare.com;б-р Академика Ландауд.34 кв.485;5;11
89698136229;caroline.green@gmail.com;ул. Капотняд.29 кв.340;3;9
89256911276;antonina.olson@hotmail.com;Железнодорожная ул.д.79 кв.491;9;15
89156398079;webster.haley@gmail.com;2-я Радиальная ул.д.77 кв.270;24;30
89369181089;jakubowski.katherine@spencer.org;Молодецкая ул.д.20 кв.305;16;22
89997922852;andreane.zieme@stamm.com;Михайловская ул.д.2 кв.53;4;10
89996775104;violet.kohler@brown.info;ул. Колобашкинад.72 кв.2;15;21
89779374130;qolson@yahoo.com;3-я Мякининская ул.д.87 кв.253;16;22
89178847255;tate72@king.net;Новокрымский пр.д.29 кв.56;21;27
89866866872;weber.antonia@yahoo.com;пр. Русановад.79 кв.72;23;29
89999889010;bobby04@stamm.org;Строительная ул.д.4 кв.143;13;19
89586122997;river30@gusikowski.net;Долгопрудная аллеяд.35 кв.132;11;17
89999200284;serena.maggio@gmail.com;95-й км МКАДд.7 кв.274;17;23
89778088599;june.kohler@gmail.com;Б. Садовая ул.д.74 кв.78;18;24
89097871505;hane.oral@watsica.com;Б. Юшуньская ул.д.40 кв.174;2;8
89659741524;nyah.koss@gmail.com;М. Рогожский пер.д.3 кв.392;3;9
89998830649;josephine.bartell@feest.info;Кленовый бульв.д.49 кв.467;10;16
89297043275;joey46@gmail.com;ул. Ярцевские Поляны-1д.46 кв.185;11;17
89296508790;patrick27@hotmail.com;Новоконюшенный пер.д.90 кв.139;19;25
89299898513;fwelch@yahoo.com;Бабаевская ул.д.32 кв.180;14;20
89257229250;kaley84@runolfsson.com;Школьная ул.д.74 кв.483;21;27
89626687285;jacky.cruickshank@hermiston.com;Зубовский бульв.д.59 кв.154;17;23
89996920081;mante.darwin@wunsch.com;ул. Академика Зелинскогод.53 кв.218;16;22
89266294952;kunze.belle@rolfson.com;ул. Академика Опаринад.50 кв.471;15;21
89857412146;kuhlman.ophelia@wiza.com;Рабочая ул.д.31 кв.368;13;19
89168397026;stuart66@hotmail.com;Октябрьская ул.д.78 кв.354;15;21
89998235636;daugherty.wade@thompson.com;2-я Северная ул.д.52 кв.85;9;15
89257674205;justus57@hotmail.com;Смольная ул.д.59 кв.454;3;9
89998172880;rocio24@yahoo.com;4-я Тверская-Ямская ул.д.88 кв.199;25;31
89197483787;vhammes@hotmail.com;ул. Энгельсад.91 кв.336;18;24
89586843562;adolfo80@oconner.biz;1-я Карпатская ул.д.71 кв.165;5;11
89197901892;edythe.turcotte@gmail.com;Подольская ул.д.9 кв.365;20;26
89776574578;hank.watsica@yahoo.com;ул. Главмосстрояд.62 кв.125;18;24
89107233728;tyreek.hartmann@bergnaum.com;Берёзовая ул.д.84 кв.75;10;16
89666637636;pagac.melody@ondricka.com;ул. Чаяновад.76 кв.117;15;21
89679868612;metz.anna@gmail.com;Растороповская ул.д.40 кв.241;10;16
89999801893;johanna.emard@lueilwitz.com;Тихий туп.д.51 кв.92;3;9
89588214412;florine.roob@yahoo.com;Воротниковский пер.д.3 кв.259;22;28
89367095887;ajenkins@yahoo.com;ул. Докукинад.62 кв.280;17;23
89266878828;jamaal.strosin@schulist.com;Ольховая ал.д.86 кв.67;7;13
89298823826;senger.lessie@kunde.com;М. Калужская ул.д.26 кв.375;8;14
89778691703;stiedemann.erica@lang.com;Авиамоторная ул.д.75 кв.234;8;14
89109971298;wmetz@hotmail.com;Красная ул.д.33 кв.464;17;23
89997450386;connor53@yahoo.com;Барятинская ул.д.33 кв.62;15;21
89996453656;shakira26@hotmail.com;ул. Тимура Фрунзед.9 кв.196;2;8
89629561822;huels.maximus@dicki.com;ул. Розановад.15 кв.495;7;13
89298671656;sterling.daugherty@gmail.com;ул. Коноваловад.28 кв.116;24;30
89679543027;sabrina70@reinger.com;1-й Стрелецкий пр.д.47 кв.437;16;22
89268980886;royce06@yahoo.com;ул. Маршала Кутаховад.10 кв.170;3;9
89648555238;lilliana01@hotmail.com;Академический пр.д.71 кв.351;8;14
89996639578;woodrow13@gmail.com;Иверский пер.д.16 кв.184;12;18
89868188510;jherman@robel.com;Продольная аллеяд.67 кв.489;22;28
89018660110;enola.kautzer@schoen.net;ул. Б. Ордынкад.34 кв.197;9;15
89019490467;nitzsche.octavia@bashirian.info;ул. Николая Сироткинад.71 кв.264;18;24
89997339270;june.schroeder@hotmail.com;ул. Академика Капицыд.94 кв.116;13;19
89368803701;legros.cathrine@gmail.com;3-й км МКАДд.62 кв.428;12;18
89999957102;raynor.eudora@yahoo.com;Ферганская ул.д.18 кв.114;12;18
89778103635;branson.bruen@gmail.com;Лермонтовская пл.д.60 кв.298;24;30
89177076955;steuber.nasir@hotmail.com;М. Калитниковская ул.д.77 кв.331;18;24
89019762902;okuneva.eugenia@haag.com;Сосновая ул.д.54 кв.345;20;26
89836790763;ulehner@gerlach.com;Цветочная ул.д.55 кв.226;11;17
89996365027;devyn96@nader.com;ул. Вертолётчиковд.43 кв.298;9;15
89859541818;zokeefe@yahoo.com;ул. Лавочкинад.21 кв.229;19;25
89777159001;davis.shana@gmail.com;пер. Льва Выготскогод.85 кв.497;20;26
89299146927;mcglynn.henry@yahoo.com;Радужная ул.д.63 кв.236;14;20
89017713378;nat61@yahoo.com;Россошанская ул.д.53 кв.228;16;22
89018100179;sawayn.natalia@hotmail.com;3-й Павловский пер.д.67 кв.167;17;23
89168659955;kamron85@gmail.com;ул. Радиод.27 кв.477;18;24
89168909601;trycia.haley@hotmail.com;106-й км МКАДд.15 кв.288;14;20
89096341149;zakary.beier@heaney.com;1-я ул. Лесные Поляныд.49 кв.348;8;14
89367957201;zena.littel@kulas.net;Заречная ул.д.53 кв.288;22;28
89868614276;kieran90@lakin.com;Барыковский пер.д.6 кв.232;5;11
89159934240;ehoppe@goldner.biz;Перовское ш.д.32 кв.291;15;21
89196958546;clementina25@gmail.com;Народная ул.д.87 кв.12;7;13
89996700670;pgleichner@smith.com;1-я Муравская ул.д.96 кв.263;25;31
89996913710;johathan29@hotmail.com;2-й Лесной пер.д.27 кв.494;14;20
89839100162;alexandre19@bradtke.com;3-й Верх. Михайловский пр.д.58 кв.98;2;8
89866519833;hiram62@yahoo.com;М. Каковинский пер.д.77 кв.415;8;14
89696650384;hackett.janet@funk.com;2-я Прогонная ул.д.41 кв.297;5;11
89996995362;rodrick.rau@yahoo.com;1-й Солнечный пер.д.70 кв.389;5;11
89178083394;cschowalter@hotmail.com;Калужское ш.д.55 кв.112;11;17
89196004442;corrine.yundt@gmail.com;2-й Парковый пр.д.55 кв.37;11;17
89368896586;kamron28@barton.com;1-я ул. Ямского Поляд.86 кв.167;16;22
89266264577;rosalinda.jacobs@yahoo.com;Красная пл.д.44 кв.43;24;30
89057914499;geovanny62@leffler.com;5-й Войковский пр.д.18 кв.159;20;26
89868744873;donnelly.fatima@jaskolski.biz;Бекасовская ул.д.96 кв.480;4;10
89997128833;nikita89@conroy.org;ул. Матушкинад.60 кв.214;20;26
89369309934;kirlin.josie@okeefe.org;Китайгородский пр.д.88 кв.312;24;30
89687238111;hbuckridge@hotmail.com;мост Багратионд.99 кв.307;13;19
89256384687;plakin@gmail.com;Луговая ул.д.29 кв.300;18;24
89368811216;justus57@hotmail.com;Олонецкий пр.д.55 кв.312;22;28
89867784572;obergnaum@wehner.com;Нахимовский просп.д.73 кв.491;18;24
89856920951;bernhard.roel@hotmail.com;ул. Заряновад.99 кв.493;7;13
89648629260;sbarrows@hotmail.com;25-й км МКАДд.41 кв.452;18;24
89778196529;ofelia01@okon.info;5-й Котельнический пер.д.87 кв.327;2;8
89177705208;zieme.paxton@hyatt.net;ул. Академика Александровад.40 кв.277;11;17
89157213642;herminio.sporer@yahoo.com;ул. Строителейд.38 кв.144;8;14
89999365050;alvera49@kulas.com;пл. Журавлёвад.6 кв.256;23;29
89366084100;steuber.nasir@hotmail.com;Южная ул.д.18 кв.157;24;30
89776474541;lon.weissnat@gusikowski.com;1-й Пехотный пер.д.11 кв.310;2;8
89629787178;rebekah.dicki@mayert.net;Нарвская ул.д.77 кв.161;17;23
89178567812;rbecker@gmail.com;2-й Николощеповский пер.д.18 кв.96;23;29
89176441657;liliane20@gmail.com;Обводное ш.д.70 кв.335;8;14
89037448759;markus44@yahoo.com;ул. Русинская Рощад.96 кв.408;3;9
89256195004;schoen.lesley@willms.com;Булатниковская ул.д.70 кв.381;22;28
89179125630;maci69@medhurst.com;Дачный пер.д.77 кв.404;4;10
89199186435;boyle.wilhelmine@gmail.com;Орловский пер.д.37 кв.96;7;13
89999134449;jessyca.block@gaylord.net;Б. Черкизовская ул.д.5 кв.417;2;8
89036046584;koepp.libbie@gmail.com;4-й Сыромятнический пер.д.30 кв.358;2;8
89369618351;jarrett73@welch.com;ул. Богаевскогод.8 кв.61;23;29
89266117647;hoeger.antwan@brakus.com;Полуярославская наб.д.44 кв.331;5;11
89166625602;connelly.ryder@hodkiewicz.com;ул. Ухтомского Ополченияд.36 кв.268;10;16
89258912478;pziemann@gibson.com;Центральная ул.д.62 кв.21;4;10
89629182953;karen.beatty@gmail.com;Карамышевская наб.д.41 кв.310;22;28
89268734203;schinner.jairo@gmail.com;Курская ул.д.46 кв.300;15;21
89779106154;drunte@wilkinson.com;ул. Земляной Валд.52 кв.462;5;11
89368773131;ethel.fritsch@dibbert.com;Товарищеский пер.д.7 кв.27;23;29
89688609111;uosinski@yahoo.com;ул. Горькогод.1 кв.216;15;21
89016221563;kohler.harmon@yahoo.com;Ладожская ул.д.74 кв.484;23;29
89069902420;dwight.kreiger@gmail.com;Рябиновая ул.д.78 кв.479;22;28
89198144115;goldner.lina@lubowitz.com;4-й Рушниковский пер.д.35 кв.204;20;26
89779051072;shane63@klocko.com;Богословский пер.д.15 кв.450;16;22
89018816260;verlie31@hotmail.com;ул. Ворошиловад.81 кв.327;6;12
89858684491;darwin94@yahoo.com;Берёзовая ул.д.36 кв.75;18;24
89106290088;genoveva98@gmail.com;ул. Барышихад.78 кв.68;2;8
89998022085;nwillms@yahoo.com;Б. Купавенский пр.д.64 кв.113;5;11
89098798689;martina96@gusikowski.com;Болотная наб.д.64 кв.412;11;17
89269151500;hlarson@stracke.biz;Мирная ул.д.15 кв.73;10;16
89178270748;shyanne82@mckenzie.com;Нарышкинский пр.д.72 кв.409;18;24
89066744811;dpowlowski@lebsack.info;Алексеевская ул.д.5 кв.78;4;10
89869757861;christop80@yahoo.com;Совхозная ул.д.52 кв.392;9;15
89868262908;delpha.dooley@yahoo.com;Бескудниковский пер.д.37 кв.327;14;20
89668891887;gleichner.robyn@hotmail.com;ул. Лётчика Ульянинад.42 кв.429;4;10
89996003464;rmueller@jacobi.com;ул. Маргеловад.37 кв.312;3;9
89179550442;lowe.jaida@gmail.com;Домниковский пер.д.62 кв.404;7;13
89367234297;sienna14@harris.com;М. Афанасьевский пер.д.61 кв.258;9;15
89017735567;dameon33@murazik.com;ул. Фрунзед.66 кв.262;24;30
89268324869;serenity.kautzer@goldner.info;Севанская ул.д.98 кв.40;24;30
89016912329;prohaska.orlando@tromp.com;Краснобогатырская ул.д.26 кв.109;18;24
89109447175;greta78@ryan.biz;ул. Серёгинад.55 кв.208;7;13
89779952154;karen.beatty@gmail.com;39-й км МКАДд.2 кв.174;19;25
89107451429;oran.torp@yahoo.com;Тупиковый пр.д.96 кв.189;20;26
89259892542;corkery.danyka@gleichner.com;Стремянный пер.д.66 кв.473;17;23
89689513115;uoreilly@torphy.info;2-я Фрунзенская ул.д.64 кв.486;3;9
89997152564;dax59@hudson.com;Высотная ул.д.98 кв.429;2;8
89169733335;reba.block@yahoo.com;ул. М. Дмитровкад.42 кв.283;4;10
89068238767;dkoss@becker.com;Золоторожский пр.д.88 кв.406;15;21
89108955211;dnienow@yundt.com;Дубравная ул.д.7 кв.329;7;13
89166798019;dkris@ondricka.net;Лобненская ул.д.4 кв.186;25;31
89198618717;jovanny.bauch@williamson.com;Калужское ш.д.86 кв.22;5;11
89066958319;howe.florencio@gmail.com;4-й Дорожный пр.д.87 кв.375;18;24
89369538569;antonina.olson@hotmail.com;пл. Риммы Казаковойд.35 кв.438;8;14
89857921631;hlarson@stracke.biz;Малиновая ул.д.38 кв.433;17;23
89587343121;kreiger.myrl@johnson.com;Красноказарменная пл.д.75 кв.83;14;20
89856763674;buckridge.hillary@mayer.com;1-я ул. Рославкад.31 кв.111;3;9
89368482669;hilpert.michel@gmail.com;ул. Николая Коперникад.22 кв.208;7;13
89588785934;geovanni09@yahoo.com;Алма-Атинская ул.д.80 кв.106;7;13
89179562292;jamil63@considine.biz;Институтский пер.д.93 кв.223;5;11
89807079803;mose29@hotmail.com;ул. Исаково-3д.36 кв.485;10;16
89586798000;lynch.stevie@hirthe.com;Калиновая ул.д.81 кв.190;7;13
89668520203;destiny.pacocha@yahoo.com;Рабочая ул.д.73 кв.50;7;13
89648213458;aida01@altenwerth.info;Мурманский пр.д.43 кв.77;20;26
89808421423;lhand@rodriguez.info;ул. Чеховад.42 кв.392;3;9
89999427943;juliana.walsh@yahoo.com;3-й Кирпичный пер.д.41 кв.100;21;27
89628906298;erick38@gmail.com;Докучаев пер.д.96 кв.472;11;17
89857266381;sanford.dakota@hotmail.com;Изваринская ул.д.69 кв.262;20;26
89256978850;harvey.bill@yahoo.com;Касимовская ул.д.24 кв.376;12;18
89857380587;oconnell.moises@yahoo.com;ул. Богородский Валд.21 кв.394;17;23
89996466522;ryder95@nienow.com;Скатертный пер.д.91 кв.463;6;12
89637114272;jovanny.bauch@williamson.com;Зелёная ул.д.27 кв.143;10;16
89268850923;geovanni09@yahoo.com;пл. Академика Басовад.27 кв.305;25;31
89998748878;kheller@hotmail.com;2-я Дубровская ул.д.93 кв.153;20;26
89266577373;streich.zoie@maggio.com;пл. Академика Вершиловойд.85 кв.26;9;15
89256068056;cara48@bailey.net;Ясеневая ул.д.45 кв.131;2;8
89019545511;maryam24@kuhn.com;ул. Ярцевские Поляны-1д.77 кв.333;10;16
89778275615;boyle.herman@yahoo.com;ул. Рудольфа Дизеляд.32 кв.11;11;17
89059464327;baumbach.sedrick@hotmail.com;Ступинский пр.д.43 кв.253;13;19
89179718981;klabadie@upton.com;ул. Пудовкинад.25 кв.189;5;11
89837381544;yprice@kessler.com;ул. Грековад.87 кв.348;8;14
89268864984;mose29@hotmail.com;Олимпийский просп.д.73 кв.208;4;10
89179588905;kuhn.bennett@will.com;ул. Байдуковад.14 кв.358;25;31
89298774972;bill.kris@boyer.info;ул. Римского-Корсаковад.40 кв.118;22;28
89177849717;balistreri.kaleb@rodriguez.org;Старокачаловская ул.д.96 кв.178;4;10
89256641651;rwisozk@hotmail.com;Цимлянская ул.д.10 кв.479;18;24
89299579100;rodrick.rau@yahoo.com;Лесная ул.д.24 кв.365;9;15
89366421713;adah75@hotmail.com;Берсеневская наб.д.40 кв.18;24;30
89688639861;estreich@gmail.com;Полевая ул.д.49 кв.223;12;18
89179211214;cole.brandi@johnson.com;М. Рогожский пер.д.8 кв.25;8;14
89866400807;brandt23@russel.net;Монтажная ул.д.43 кв.130;3;9
89179281159;mante.darwin@wunsch.com;ул. Стромынкад.21 кв.236;7;13
89626431975;jledner@yahoo.com;8-я ул. Текстильщиковд.28 кв.462;25;31
89857596866;angelita.weimann@gmail.com;Софийская наб.д.50 кв.247;12;18
89069146476;hmurphy@gerlach.com;ул. Сретенкад.19 кв.64;14;20
89179886335;cormier.jarrett@schuppe.com;ул. Тюфелева Рощад.26 кв.88;7;13
89666717667;icruickshank@yahoo.com;Кременчугская ул.д.41 кв.452;4;10
89869157420;orlo67@yahoo.com;Муравская ул.д.9 кв.73;3;9
89056142672;leland.hirthe@gmail.com;1-й Иртышский пр.д.29 кв.32;13;19
89166157731;dohara@gmail.com;пер. Обухад.78 кв.5;23;29
89866618783;torp.victor@satterfield.com;Ланинский пер.д.52 кв.242;4;10
89259351685;buckridge.hillary@mayer.com;Туристская ул.д.18 кв.128;7;13
89996555443;lbradtke@hotmail.com;ул. Павла Корчагинад.31 кв.267;12;18
89268568503;isabelle.bernhard@gmail.com;44-й км МКАДд.66 кв.60;2;8
89658559659;hboyle@feeney.com;Рушниковская ул.д.14 кв.146;3;9
89839839772;lilliana13@yahoo.com;ул. Антонова-Овсеенкод.11 кв.36;10;16
89856559571;dare.emiliano@hermann.com;Мещанская ул.д.34 кв.434;4;10
89658400566;vcarroll@gmail.com;Мининский пер.д.82 кв.134;2;8
89589021062;quigley.michel@okuneva.com;Камчатская ул.д.28 кв.194;10;16
89106894655;zoe73@douglas.com;ул. Маршала Захаровад.32 кв.11;22;28
89058436722;hickle.lucie@wyman.org;Б. Тихоновская ул.д.91 кв.432;18;24
89158173943;torphy.ardella@hotmail.com;Сиреневая ул.д.93 кв.15;7;13
89267098345;imogene61@nader.biz;Даниловская пл.д.83 кв.393;20;26
89109594928;romaguera.carlee@hotmail.com;Республиканская ул.д.86 кв.49;12;18
89016489573;verlie31@hotmail.com;6-й Новоподмосковный пер.д.22 кв.418;15;21
89108739129;xzulauf@howe.biz;Новая ул.д.64 кв.313;13;19
89688678291;kiley.williamson@hotmail.com;2-я Вишнёвая ул.д.20 кв.12;5;11
89256364114;tyrel.zieme@gmail.com;2-я Парковая ул.д.18 кв.295;22;28
89298991899;elbert.witting@yahoo.com;ул. Раевскогод.2 кв.148;25;31
89999513900;harold05@prosacco.com;Речная ул.д.14 кв.103;16;22
89017389642;sadie.keebler@larson.biz;Кудринская пл.д.47 кв.319;13;19
89196795306;giles15@wunsch.org;Парковая ул.д.32 кв.411;14;20
89269453775;dare.emiliano@hermann.com;Вилюйская ул.д.93 кв.410;12;18
89997789119;tad.dicki@yahoo.com;Велозаводская ул.д.51 кв.181;14;20
89657831424;deckow.merle@hotmail.com;ул. Журналистовд.28 кв.244;12;18
89866958168;klabadie@upton.com;Октябрьская ул.д.80 кв.89;5;11
89999718108;benny.stark@walter.com;Рогачёвский пер.д.80 кв.95;12;18
89058307613;jedediah.farrell@mccullough.org;ул. Остряковад.63 кв.2;11;17
89177468815;schiller.osvaldo@hayes.com;М. Афанасьевский пер.д.13 кв.167;13;19
89017160979;nkuvalis@cummerata.info;М. Саввинский пер.д.10 кв.392;20;26
89036476392;tyreek.hartmann@bergnaum.com;Радужная ул.д.61 кв.428;21;27
89167699595;noble.jacobs@fadel.info;Сиреневая ул.д.41 кв.29;2;8
89676982425;nathaniel33@hotmail.com;Пролетарский просп.д.9 кв.344;10;16
89696229574;angelita.weimann@gmail.com;Производственная ул.д.47 кв.168;13;19
89588982989;ken.kuhic@leuschke.com;Миусская пл.д.30 кв.18;23;29
89298115289;cole.brandi@johnson.com;Красноярская ул.д.91 кв.88;17;23
89698109223;xzulauf@howe.biz;ул. Исаака Дунаевскогод.5 кв.83;4;10
89668524250;andreanne09@gmail.com;Ясная ул.д.76 кв.269;2;8
89997372793;daron.hodkiewicz@koch.org;Дорожная ул.д.52 кв.277;22;28
89857125061;brigitte07@champlin.com;Полянский пер.д.80 кв.161;11;17
89106110639;nrohan@bergnaum.net;Сиреневая ул.д.27 кв.484;23;29
89587187917;clarissa.hill@gmail.com;Ирландская ул.д.50 кв.409;24;30
89176168315;maurine.prosacco@yahoo.com;3-й пр. Марьиной Рощид.92 кв.313;14;20
89998294196;srutherford@wisozk.com;Троицкий пр.д.55 кв.398;25;31
89368580436;wuckert.andrew@hotmail.com;Тульский пр.д.40 кв.381;13;19
89017854070;obergnaum@wehner.com;Спартаковская ул.д.55 кв.374;3;9
89258448193;ysipes@zieme.com;Заводская ул.д.92 кв.280;15;21
89856466293;medhurst.mario@hotmail.com;ул. Байдуковад.77 кв.143;13;19
89258127278;hessel.terry@kiehn.biz;Носовихинское ш.д.13 кв.235;20;26
89058877846;yortiz@hotmail.com;Новогорская ул.д.39 кв.148;14;20
89996637521;roderick.krajcik@yahoo.com;Новая ул.д.60 кв.215;14;20
89177720026;von.lulu@gmail.com;Орехово-Зуевский пр.д.40 кв.151;8;14
89868953208;anienow@gmail.com;Светлая ул.д.67 кв.222;25;31
89648159561;leanna.balistreri@bode.com;пл. Журавлёвад.71 кв.269;8;14
89589413462;stoltenberg.wilburn@beatty.com;Крымская пл.д.7 кв.258;13;19
89586283559;markus44@yahoo.com;Ленинградское ш.д.78 кв.17;9;15
89368493320;champlin.cletus@yahoo.com;Карьерная ул.д.61 кв.399;8;14
89017019354;gupton@gmail.com;Старомарьинское ш.д.31 кв.56;18;24
89997377009;buckridge.hillary@mayer.com;ул. Логиновад.61 кв.432;15;21
89258621063;kmills@hamill.biz;3-й Парковый пр.д.84 кв.233;23;29
89179270098;yswaniawski@yahoo.com;Смирновская ул.д.91 кв.281;17;23
89016137064;luis.pagac@shanahan.com;1-я Северная ул.д.61 кв.323;13;19
89806057423;vlarkin@oconnell.com;Бакунинская ул.д.49 кв.465;5;11
89168324021;jjones@gmail.com;2-й Вышеславцев пер.д.49 кв.476;10;16
89157393834;tstamm@lindgren.com;2-я Лыковская ул.д.61 кв.26;7;13
89806313328;marisol.medhurst@homenick.com;Пушкинская наб.д.5 кв.342;22;28
89778950850;elizabeth03@hotmail.com;Тульский пр.д.70 кв.298;23;29
89858771622;casimir.tromp@hotmail.com;Лаврский пер.д.22 кв.68;4;10
89998762698;laury67@hotmail.com;пер. Капрановад.96 кв.4;21;27
89587273173;albina.crist@baumbach.biz;ул. Лётчика Новожиловад.56 кв.460;12;18
89588356865;amonahan@gleason.com;3-й Лихачёвский пер.д.61 кв.390;24;30
89858167638;kathryn.skiles@hotmail.com;ул. Ильинкад.9 кв.402;6;12
89697551227;dorthy.orn@hotmail.com;3-й Ирининский пер.д.28 кв.387;23;29
89589342332;christopher33@botsford.com;Рязанский пр.д.49 кв.290;16;22
89257161259;gulgowski.ashlee@will.net;4-я Магистральная ул.д.47 кв.27;2;8
89196965575;crystal.durgan@gmail.com;Солнечная ул.д.98 кв.164;15;21
89109440140;maureen.collier@langworth.net;Садовая-Сухаревская ул.д.91 кв.302;13;19
89256500039;cbergnaum@hotmail.com;ул. Плещеевад.16 кв.103;16;22
89167676491;newton.dibbert@murphy.com;Центральная ул.д.32 кв.28;7;13
89996810921;melisa.cormier@donnelly.com;Угловая ул.д.6 кв.172;18;24
89649774062;bernser@hotmail.com;Молодёжная ул.д.57 кв.359;15;21
89037162823;beth51@moen.com;Сказочная ул.д.23 кв.89;9;15
89017956091;cremin.andreane@lakin.org;1-й Вязовский пр.д.59 кв.292;2;8
89018041649;tabitha49@durgan.biz;Школьная ул.д.55 кв.431;22;28
89586566814;bernadine91@daugherty.com;Утренняя ул.д.67 кв.475;12;18
89177086290;vivianne98@gmail.com;наб. Марка Шагалад.5 кв.128;9;15
89168803622;kaela.okeefe@yahoo.com;Гончарный пр.д.91 кв.157;18;24
89299525002;brigitte07@champlin.com;Последний пер.д.71 кв.347;7;13
89296566201;toni.reichel@reichel.com;Октябрьская ул.д.79 кв.106;11;17
89197643264;martina96@gusikowski.com;Мишина ул.д.33 кв.394;24;30
89176421376;lonnie25@flatley.com;8-я Северная линияд.18 кв.196;14;20
89298746155;preston.walker@walsh.com;1-й Митинский пер.д.57 кв.334;13;19
89776420607;al.witting@gmail.com;ул. Кутузовад.61 кв.6;25;31
89586172187;ikshlerin@gmail.com;Левобережная ул.д.10 кв.86;22;28
89268760397;lreichert@gmail.com;Новощукинская ул.д.81 кв.69;8;14
89017688634;cruickshank.noemie@turcotte.net;Успенский пер.д.83 кв.266;6;12
89779891663;madyson.wisozk@yahoo.com;Заречная ул.д.24 кв.84;24;30
89166566432;edd02@hotmail.com;пл. Мазуринад.38 кв.465;25;31
89866036515;erick.hettinger@breitenberg.com;2-й Рощинский пр.д.31 кв.127;7;13
89998040125;sawayn.rogelio@crooks.com;Проточный пер.д.67 кв.421;22;28
89859702465;ayden.nienow@abshire.biz;16-й км МКАДд.61 кв.393;10;16
89157816481;vstiedemann@padberg.com;Новобутовский пр.д.99 кв.33;2;8
89256831622;torphy.claudie@pacocha.com;Б. Внуковская ул.д.68 кв.433;14;20
89196422392;libby.bergstrom@tremblay.com;ул. Вишнёвый Садд.14 кв.75;5;11
89367445412;gorczany.shane@gmail.com;Северная ул.д.29 кв.336;17;23
89587855026;adell43@connelly.com;пр.пр. № 210д.95 кв.478;2;8
89269550047;toni.reichel@reichel.com;1-я Сокольническая ул.д.86 кв.27;18;24
89037547641;swaniawski.breanne@paucek.biz;ул. Знаменские Садкид.84 кв.127;13;19
89778421526;kamron85@gmail.com;Октябрьская ул.д.6 кв.238;19;25
89776526766;destiny.pacocha@yahoo.com;Парковая ул.д.50 кв.390;13;19
89867919011;fgutmann@hotmail.com;Аптекарский пер.д.38 кв.229;21;27
89869040952;scottie.rohan@gmail.com;5-я Курьяновская ул.д.51 кв.89;10;16
89096951572;gleichner.geovany@hayes.com;Скобелевская ул.д.8 кв.455;9;15
89268927442;keeling.veda@yahoo.com;Варшавское ш.д.58 кв.300;22;28
89866897839;fae.hirthe@hansen.net;пр. № 4921д.49 кв.469;2;8
89016589841;alyson.ullrich@heaney.com;Садовая ул.д.68 кв.91;24;30
89998284153;cartwright.ada@yahoo.com;73-й км МКАДд.28 кв.193;19;25
89199665778;khalid.koss@hotmail.com;ул. Гоголяд.10 кв.96;12;18
89997509398;ratke.toni@kilback.biz;Б. Козловский пер.д.58 кв.351;15;21
89176220275;carey33@miller.net;Басманный пер.д.70 кв.333;5;11
89299760871;nkuvalis@cummerata.info;Вишняковский пер.д.18 кв.33;21;27
89267232564;yswaniawski@yahoo.com;Ракетный бульв.д.98 кв.375;10;16
89167546961;beier.israel@williamson.org;Январская ул.д.71 кв.476;23;29
89999303569;tess.sipes@oreilly.com;наб. Новикова-Прибояд.81 кв.380;18;24
89587089126;erick.hettinger@breitenberg.com;Загорьевский пр.д.11 кв.449;21;27
89018855328;ned.denesik@gmail.com;Типографская ул.д.73 кв.251;6;12
89996862526;memmerich@yahoo.com;М. Путинковский пер.д.5 кв.37;3;9
89297966030;isabelle.bernhard@gmail.com;ул. Липчанскогод.10 кв.340;3;9
89776536173;shania45@howell.com;М. Черкизовская ул.д.9 кв.305;4;10
89776379735;mkreiger@wilderman.com;Монтажная ул.д.28 кв.399;4;10
89269619090;alangosh@kautzer.com;Новая ул.д.97 кв.412;10;16
89667150146;kreiger.myrl@johnson.com;Зельев пер.д.59 кв.111;16;22
89016199534;bernhard.roel@hotmail.com;84-й км МКАДд.98 кв.394;25;31
89657809845;angelo.lynch@hirthe.com;Складочная ул.д.62 кв.474;12;18
89666619045;adolfo80@oconner.biz;Садовый пер.д.88 кв.43;13;19
89257849634;darron.bosco@yahoo.com;Ферганский пр.д.67 кв.75;7;13
89179344827;carole.murazik@hotmail.com;2-я Новая ул.д.99 кв.260;3;9
89106175544;francis73@yahoo.com;Рождественский бульв.д.52 кв.79;6;12
89297244078;emard.trinity@cormier.info;1-й Кирпичный пер.д.16 кв.339;10;16
89587747273;urempel@yahoo.com;Парковая ул.д.76 кв.422;18;24
89776600263;libby.bergstrom@tremblay.com;Овражная ул.д.43 кв.436;4;10
89867864354;eudora.hauck@hotmail.com;Новая ул.д.71 кв.23;17;23
89197633435;shanahan.lavina@kovacek.com;Крымский мостд.95 кв.141;24;30
89296524970;brandy37@cummerata.info;Никоновский пер.д.38 кв.193;20;26
89586484257;bchamplin@hotmail.com;Путейская ул.д.26 кв.182;3;9
89368243959;jerome.deckow@bogisich.info;Тимуровская ул.д.14 кв.447;12;18
89589395777;bartholome52@yahoo.com;Алексеевская ул.д.82 кв.121;16;22
89836448673;urempel@yahoo.com;2-я ул. Лукинод.31 кв.376;4;10
89699673525;asa.king@yahoo.com;ул. Маршала Прошляковад.80 кв.137;25;31
89839646576;ashtyn.gislason@muller.com;Суздальская ул.д.70 кв.413;16;22
89017516490;evert.harvey@romaguera.com;Южная ул.д.70 кв.168;5;11
89697111163;korbin.grant@gmail.com;4-й Киевский пер.д.29 кв.402;25;31
89776114948;roob.leif@hotmail.com;Мячковский бульв.д.85 кв.82;21;27
89589928743;welch.shania@yahoo.com;Мичуринский просп.д.41 кв.29;17;23
89667588949;carlotta87@hotmail.com;Ярославское ш.д.70 кв.493;13;19
89258865321;klein.beaulah@gmail.com;Рыбинский пер.д.46 кв.10;3;9
89588164724;rwiza@gmail.com;ул. Генерала Рычаговад.78 кв.276;2;8
89698606215;sabina.price@yahoo.com;ул. Полянкад.97 кв.381;2;8
89856246978;adah75@hotmail.com;Напольный пр.д.99 кв.87;15;21
89298246470;katrine.ledner@gmail.com;Крутицкая ул.д.80 кв.188;13;19
89267327503;wchristiansen@gmail.com;Косинское ш.д.31 кв.277;7;13
89806727682;bosco.cullen@corwin.com;Извилистый пр.д.31 кв.61;17;23
89686910713;bernser@hotmail.com;Тюляевская ул.д.94 кв.48;7;13
89868578372;myron.hahn@beahan.org;Братеевская ул.д.28 кв.234;3;9
89997666816;liliane20@gmail.com;бульв. Матроса Железнякад.51 кв.133;23;29
89197451796;cordelia82@hotmail.com;Садовая ул.д.99 кв.217;3;9
89257873680;aida01@altenwerth.info;ул. Сомовад.55 кв.444;22;28
89676011622;bednar.abbey@yahoo.com;Моревский пр.д.57 кв.129;12;18
89639880971;sterling.daugherty@gmail.com;Сиреневая ул.д.85 кв.336;21;27
89106899391;lisandro.hirthe@gmail.com;ул. Олений Валд.8 кв.404;7;13
89656600805;wiley.bogisich@prosacco.com;Даниловская наб.д.57 кв.141;12;18
89168205054;bessie53@gmail.com;1-й Люберецкий пр.д.63 кв.245;12;18
89998968542;sydney77@casper.com;Рябиновая ул.д.82 кв.320;12;18
89258780390;ngreenfelder@spinka.net;Красная ул.д.95 кв.301;19;25
89997550570;toney.feest@gmail.com;ул. Бориса Петровскогод.29 кв.204;23;29
89776235579;alivia57@braun.org;ул. Корнея Чуковскогод.22 кв.161;4;10
89998625248;ngorczany@mohr.com;Клубничная ул.д.63 кв.189;12;18
89998224575;rachael.douglas@buckridge.com;ул. Пруд-Ключикид.58 кв.26;20;26
89998609989;keanu.mcclure@marquardt.org;Кремлёвская наб.д.79 кв.158;5;11
89997119331;carter.mac@yahoo.com;Армянский пер.д.54 кв.296;11;17
89266494140;vpaucek@yahoo.com;Полевая ул.д.93 кв.198;11;17
89367184674;gusikowski.billie@macejkovic.com;Б. Черкизовская ул.д.79 кв.194;17;23
89686986542;elsa.wintheiser@franecki.org;ул. Измайловский Валд.47 кв.313;25;31
89586699157;veum.warren@gmail.com;Центральная ул.д.65 кв.194;6;12
89099126980;rfriesen@turcotte.com;ул. Диккенсад.85 кв.92;21;27
89368114457;dena.sipes@okuneva.com;2-я Скворцовая ул.д.78 кв.267;9;15
89366999602;alebsack@yahoo.com;М. Пироговская ул.д.86 кв.100;4;10
89868898196;schiller.jaren@ortiz.com;Тихвинский пер.д.67 кв.143;19;25
89996579059;kaley84@runolfsson.com;Старомарьинское ш.д.31 кв.237;24;30
89996580174;oconnell.ahmed@hotmail.com;М. Татарский пер.д.28 кв.485;14;20
89996348411;sylvan52@yahoo.com;Воздушная ул.д.67 кв.97;23;29
89687397452;ybaumbach@larkin.com;пл. Академика Курчатовад.41 кв.341;16;22
89867634788;ischmidt@gmail.com;Никольский пр.д.26 кв.24;22;28
89668881974;leffler.monroe@yahoo.com;Московская ул.д.32 кв.126;3;9
89256871496;nhudson@gmail.com;1-й Крутицкий пер.д.89 кв.102;6;12
89588567211;hkuhic@yahoo.com;М. Сергиевский пер.д.65 кв.236;13;19
89018196511;gmoore@gmail.com;ул. Маковскогод.8 кв.103;2;8
89867934154;rwillms@tremblay.biz;1-я Октябрьская ул.д.69 кв.331;19;25
89869266030;jayson48@hotmail.com;Зубовская пл.д.4 кв.406;23;29
89196577134;lilliana13@yahoo.com;Ольховая ул.д.83 кв.157;6;12
89298091128;kaleb.wisoky@gmail.com;ул. Дубовой Рощид.18 кв.281;21;27
89256202730;wuckert.audrey@gmail.com;Ореховый бульв.д.54 кв.56;21;27
89269110974;wuckert.andrew@hotmail.com;4-й Новобурцевский пер.д.62 кв.27;25;31
89369797725;tyrel.zieme@gmail.com;Садовая-Триумфальная ул.д.74 кв.56;18;24
89296805638;elenora19@yahoo.com;ул. Санниковад.53 кв.420;10;16
89257904214;hintz.nya@yahoo.com;Подмосковная ул.д.71 кв.278;18;24
89266744996;ewald.rolfson@renner.biz;Таганрогская ул.д.52 кв.212;18;24
89646694991;skozey@gleason.com;ул. Короленкод.89 кв.120;6;12
89697616117;johnson.harrison@gusikowski.biz;10-я ул. Соколиной Горыд.33 кв.465;5;11
89019478441;toney.feest@gmail.com;13-я Парковая ул.д.98 кв.287;3;9
89777905755;mante.aryanna@west.com;пл. Академика Таммад.10 кв.107;11;17
89656560840;mason.hartmann@hotmail.com;Учительская ул.д.25 кв.303;12;18
89626925926;veda.predovic@yahoo.com;Строительная ул.д.29 кв.164;11;17
89176627619;pfeffer.jensen@yahoo.com;Центральная ул.д.36 кв.373;3;9
89056887467;hboyle@feeney.com;ул. Калининад.47 кв.85;22;28
89698101824;bethany.lind@schmitt.org;Патриарший мостд.92 кв.8;8;14
89107933929;caroline.green@gmail.com;ул. Сергея Эйзенштейнад.88 кв.193;10;16
89268603856;swaelchi@goldner.org;10-я ул. Новые Садыд.49 кв.148;21;27
89177235323;corkery.wava@hotmail.com;Лесная ул.д.14 кв.308;7;13
89996651855;swaelchi@goldner.org;М. Никитская ул.д.5 кв.328;12;18
89868144890;homenick.karine@yahoo.com;6-й пр. Подбельскогод.33 кв.342;3;9
89058127654;mitchell.roob@yahoo.com;ул. Юннатовд.61 кв.216;3;9
89859331592;donnie.pfannerstill@lakin.com;Андроньевский пр.д.54 кв.350;19;25
89037469785;stuart66@hotmail.com;Ясногорская ул.д.16 кв.48;22;28
89167057353;patience87@harber.com;Старонародная ул.д.71 кв.343;25;31
89628909309;boyle.herman@yahoo.com;Пакгаузное ш.д.37 кв.60;6;12
89169766318;hermiston.delphia@goldner.net;ул. Роговад.92 кв.457;6;12
89998929022;ngreenholt@kreiger.info;ул. Эдуарда Стрельцовад.58 кв.346;12;18
89657565422;vincent.walsh@kihn.com;Мещерский просп.д.30 кв.491;18;24
89859849265;wolff.anahi@mueller.com;Новая ул.д.19 кв.144;22;28
89699121986;bshields@yahoo.com;15-я Парковая ул.д.80 кв.260;10;16
89839189919;hchamplin@luettgen.com;Рыбников пер.д.70 кв.260;23;29
89856033117;charlie.thiel@yahoo.com;пр. Донелайтисад.65 кв.30;12;18
89259192172;jerde.walton@pouros.com;Наташинская ул.д.52 кв.203;5;11
89169728827;donna.hessel@hotmail.com;Высокая ул.д.2 кв.474;25;31
89998615612;everette42@casper.info;Солнечногорский пр.д.2 кв.125;21;27
89839025493;gbashirian@yahoo.com;2-й Ботанический пр.д.53 кв.155;3;9
89588765329;connelly.kavon@huel.org;Мирная ул.д.68 кв.433;11;17
89588573690;gorczany.sierra@marks.com;Лесная ул.д.70 кв.314;10;16
89679174605;pink41@hotmail.com;Прудовая ул.д.29 кв.415;25;31
89177153271;noconner@gmail.com;Железнодорожная ул.д.83 кв.483;21;27
89257558540;bernadine91@daugherty.com;Строгинское ш.д.96 кв.34;10;16
89779398693;qmohr@hotmail.com;Шоссейная ул.д.39 кв.51;4;10
89258571582;augustine.renner@hotmail.com;ул. Введенскогод.49 кв.358;24;30
89626745611;bill.kris@boyer.info;1-й Ольховский туп.д.57 кв.117;10;16
89366581979;sbins@jacobi.org;Зелёная ул.д.52 кв.465;3;9
89367139157;elizabeth03@hotmail.com;Лялин пер.д.84 кв.31;8;14
89366852149;whettinger@wehner.com;1-й Рижский пер.д.98 кв.37;18;24
89196382904;amie.wyman@yahoo.com;ул. М. Каменщикид.66 кв.33;25;31
89017541063;hartmann.zena@rutherford.com;пр. Кошкинад.91 кв.77;17;23
89107940719;ysipes@zieme.com;пл. Маршала Бабаджанянад.10 кв.446;4;10
89778505862;hollie.corkery@kshlerin.com;Корабельная ул.д.11 кв.65;8;14
89177469397;ullrich.jameson@yahoo.com;Автомоторная ул.д.97 кв.198;19;25
89017679632;dzulauf@gmail.com;Путейский туп.д.39 кв.233;5;11
